question,document
What kinds of food products does NomadFood offer?,e063fa64
Can you tell me about the different categories of food products that NomadFood sells?,e063fa64
Who are the suppliers for NomadFood's dairy products?,e063fa64
Does NomadFood carry both fresh and frozen meat products?,e063fa64
What types of packaged foods can I find in NomadFood's inventory?,e063fa64
Are all of NomadFood's products organic?,2bdb70ae
Does NomadFood offer non-organic products?,2bdb70ae
What certifies NomadFood's organic products?,2bdb70ae
How are NomadFood's organic products grown?,2bdb70ae
What alternatives does NomadFood provide for budget-conscious consumers?,2bdb70ae
How does NomadFood ensure the freshness of their products during transportation?,e7bf8de2
What measures has NomadFood taken to control the temperature of their products during storage?,e7bf8de2
Can you explain how NomadFood's supply chain contributes to product freshness?,e7bf8de2
How does NomadFood's logistics team help keep perishable items fresh?,e7bf8de2
What steps does NomadFood take to minimize the time it takes to deliver fresh products?,e7bf8de2
Do you provide any gluten-free food options?,fc0ac1ca
Are there any products in your range that are gluten-free?,fc0ac1ca
Can I find gluten-free bread and pasta at NomadFood?,fc0ac1ca
Does NomadFood offer gluten-free snacks and baked goods?,fc0ac1ca
Are NomadFood's gluten-free products tested for gluten-free labeling standards?,fc0ac1ca
Are there any locally sourced products available at NomadFood?,43d24641
Does NomadFood support local agriculture?,43d24641
Can you tell me more about NomadFood's 'Local Harvest' program?,43d24641
How does NomadFood's sourcing policy benefit the environment?,43d24641
What percentage of NomadFood's products come from local farmers?,43d24641
What types of diets do NomadFood's products accommodate?,7d2d98d4
Does NomadFood offer options for vegan and vegetarian diets?,7d2d98d4
Are there any high-protein products available for keto and paleo diets?,7d2d98d4
Can I find low-sodium and heart-healthy options in NomadFood's product range?,7d2d98d4
Are allergen-free products available in NomadFood's catalog?,7d2d98d4
What areas does NomadFood cover for delivery?,a25036a3
In what locations does NomadFood deliver?,a25036a3
How does NomadFood handle deliveries to remote areas?,a25036a3
Does NomadFood deliver to all cities and towns?,a25036a3
What is the delivery coverage of NomadFood?,a25036a3
What is the delivery time for major cities?,e890e7e0
How long does it take for remote locations to receive their orders?,e890e7e0
What time should I place my order to receive it the next business day in major cities?,e890e7e0
Can delivery times be affected by the volume of my order?,e890e7e0
How does NomadFood ensure that orders are delivered on time?,e890e7e0
How can I track my order with NomadFood?,4bfd22ad
Is it possible to get updates on my delivery status through NomadFood?,4bfd22ad
What information will I receive after my NomadFood order is confirmed?,4bfd22ad
Where can I find the tracking number for my NomadFood order?,4bfd22ad
How do I get real-time updates on my NomadFood delivery?,4bfd22ad
How does NomadFood ensure the quality of perishable items during delivery?,17c3432c
What measures does NomadFood take to protect sensitive products during transit?,17c3432c
"How does NomadFood maintain the right conditions for fresh produce, dairy, and frozen goods during delivery?",17c3432c
In what way does NomadFood use temperature-controlled vehicles and insulated packaging?,17c3432c
How does NomadFood guarantee that perishable products arrive fresh and in optimal condition?,17c3432c
What will NomadFood do if I'm not present to accept my delivery?,7e487efb
How does NomadFood handle perishable goods if I'm not available for delivery?,7e487efb
What measures does NomadFood take to ensure the safety of my delivery when I'm not home?,7e487efb
What should I do if I have an issue with my delivery when I'm not available?,7e487efb
Can I reschedule my delivery if I'm unable to receive my package from NomadFood?,7e487efb
Do you have special pricing for large retail orders?,4fe624c6
Is it possible to get discounts on orders if I'm a retailer?,4fe624c6
How does NomadFood's bulk pricing for retailers work?,4fe624c6
What kind of pricing does NomadFood offer for larger retail orders?,4fe624c6
How can I get a customized pricing plan for my retail business from NomadFood?,4fe624c6
What types of credit cards does NomadFood accept?,4950626e
Does NomadFood take wire transfers as a payment method?,4950626e
Is it possible to pay with PayPal on NomadFood?,4950626e
What other secure payment platforms does NomadFood accept?,4950626e
Do retailers with established credit terms have the option for invoicing with NomadFood?,4950626e
Does NomadFood have a minimum order requirement for their deliveries?,61885111
What is the minimum order value for nationwide deliveries at NomadFood?,61885111
What is the local deliveries minimum order requirement at NomadFood?,61885111
How does NomadFood maintain affordable pricing and logistical efficiency?,61885111
In what way does NomadFood ensure high-quality products and efficient delivery service?,61885111
Is it possible to get a refund for products that arrived damaged?,44413b49
What should I do if the delivered food is damaged?,44413b49
How does NomadFood handle compensation for damaged items?,44413b49
What is the process for returning damaged products for a refund?,44413b49
Can I get a replacement or a refund for a damaged order?,44413b49
Do you have a rewards program for frequent purchases?,3c901cb6
Is there a program that gives benefits for retailers with increasing order volume?,3c901cb6
What perks do I get with priority delivery as a loyalty program member?,3c901cb6
Can I access new products before they're available to the public through the loyalty program?,3c901cb6
Are there exclusive promotions for retailers who are part of the loyalty program?,3c901cb6
How often does NomadFood update its pricing?,2dbd0da7
Does NomadFood change prices frequently?,2dbd0da7
How does NomadFood ensure competitive pricing?,2dbd0da7
What are the factors that can affect NomadFood's pricing for fresh products?,2dbd0da7
How does NomadFood communicate pricing updates to retailers?,2dbd0da7
What role does sustainability play in your business philosophy?,c3b71089
Can you tell me about the sustainable farming practices your suppliers follow?,c3b71089
How do your logistics operations contribute to environmental responsibility?,c3b71089
What measures are you taking to reduce carbon emissions in your delivery routes?,c3b71089
What steps are you taking towards achieving carbon-neutral operations?,c3b71089
Do NomadFood's packaging materials be recycled?,29f61e69
What efforts does NomadFood make towards eco-friendly packaging?,29f61e69
How does NomadFood minimize plastic usage in its supply chain?,29f61e69
Does NomadFood provide biodegradable packaging options?,29f61e69
What should NomadFood customers do with the company's packaging to help reduce waste?,29f61e69
Do NomadFood's products come from fair trade-certified suppliers?,751f7952
How does NomadFood support ethical sourcing?,751f7952
What are the benefits of buying fair trade products from NomadFood?,751f7952
How does NomadFood help promote sustainable livelihoods for workers?,751f7952
In what ways does NomadFood ensure positive social and environmental impacts through fair trade?,751f7952
